,Date,Day,High Temp (°F),Low Temp (°F),Precipitation,Bicycle-count,Brooklyn Bridge
1,4/1/2016 0:00,4/1/2016 0:00,78.1,66,0.01,1704,Brooklyn Bridge
2,4/2/2016 0:00,4/2/2016 0:00,55,48.9,0.15,827,Brooklyn Bridge
3,4/3/2016 0:00,4/3/2016 0:00,39.9,34,0.09,526,Brooklyn Bridge
4,4/5/2016 0:00,4/5/2016 0:00,42.1,26.1,0,1416,Brooklyn Bridge
5,4/6/2016 0:00,4/6/2016 0:00,45,30,0,1885,Brooklyn Bridge
6,4/7/2016 0:00,4/7/2016 0:00,57,53.1,0.09,1276,Brooklyn Bridge
7,4/8/2016 0:00,4/8/2016 0:00,46.9,44.1,0.01,1982,Brooklyn Bridge
8,4/9/2016 0:00,4/9/2016 0:00,43,37.9,0.09,504,Brooklyn Bridge
9,4/10/2016 0:00,4/10/2016 0:00,48.9,30.9,0,1447,Brooklyn Bridge
10,4/11/2016 0:00,4/11/2016 0:00,62.1,46,0.01,2005,Brooklyn Bridge
11,4/12/2016 0:00,4/12/2016 0:00,57,45,0.2,1045,Brooklyn Bridge
12,4/13/2016 0:00,4/13/2016 0:00,57,39.9,0,2840,Brooklyn Bridge
13,4/14/2016 0:00,4/14/2016 0:00,62.1,44.6,0,2861,Brooklyn Bridge
14,4/15/2016 0:00,4/15/2016 0:00,64,44.1,0,2770,Brooklyn Bridge
15,4/16/2016 0:00,4/16/2016 0:00,66,45,0,2384,Brooklyn Bridge
16,4/17/2016 0:00,4/17/2016 0:00,73.9,46,0,3147,Brooklyn Bridge
17,4/18/2016 0:00,4/18/2016 0:00,81,52,0,3871,Brooklyn Bridge
18,4/19/2016 0:00,4/19/2016 0:00,71.1,63,0,3501,Brooklyn Bridge
19,4/20/2016 0:00,4/20/2016 0:00,68,50,0,3450,Brooklyn Bridge
20,4/21/2016 0:00,4/21/2016 0:00,71.1,50,0,3436,Brooklyn Bridge
21,4/23/2016 0:00,4/23/2016 0:00,70,61,0.16,2055,Brooklyn Bridge
22,4/24/2016 0:00,4/24/2016 0:00,68,48,0,2798,Brooklyn Bridge
23,4/25/2016 0:00,4/25/2016 0:00,66.9,54,0,3463,Brooklyn Bridge
24,4/26/2016 0:00,4/26/2016 0:00,60.1,46.9,0.24,1997,Brooklyn Bridge
25,4/27/2016 0:00,4/27/2016 0:00,62.1,46.9,0,3343,Brooklyn Bridge
26,4/28/2016 0:00,4/28/2016 0:00,57.9,48,0,2486,Brooklyn Bridge
27,4/29/2016 0:00,4/29/2016 0:00,57,46.9,0.05,2375,Brooklyn Bridge
28,4/30/2016 0:00,4/30/2016 0:00,64,48,0,3199,Brooklyn Bridge
29,4/1/2016 0:00,4/1/2016 0:00,78.1,66,0.01,1704,Brooklyn Bridge
30,4/2/2016 0:00,4/2/2016 0:00,55,48.9,0.15,827,Brooklyn Bridge
31,4/3/2016 0:00,4/3/2016 0:00,39.9,34,0.09,526,Brooklyn Bridge
32,4/5/2016 0:00,4/5/2016 0:00,42.1,26.1,0,1416,Brooklyn Bridge
33,4/6/2016 0:00,4/6/2016 0:00,45,30,0,1885,Brooklyn Bridge
34,4/7/2016 0:00,4/7/2016 0:00,57,53.1,0.09,1276,Brooklyn Bridge
35,4/8/2016 0:00,4/8/2016 0:00,46.9,44.1,0.01,1982,Brooklyn Bridge
36,4/9/2016 0:00,4/9/2016 0:00,43,37.9,0.09,504,Brooklyn Bridge
37,4/10/2016 0:00,4/10/2016 0:00,48.9,30.9,0,1447,Brooklyn Bridge
38,4/11/2016 0:00,4/11/2016 0:00,62.1,46,0.01,2005,Brooklyn Bridge
39,4/12/2016 0:00,4/12/2016 0:00,57,45,0.2,1045,Brooklyn Bridge
40,4/13/2016 0:00,4/13/2016 0:00,57,39.9,0,2840,Brooklyn Bridge
41,4/14/2016 0:00,4/14/2016 0:00,62.1,44.6,0,2861,Brooklyn Bridge
42,4/15/2016 0:00,4/15/2016 0:00,64,44.1,0,2770,Brooklyn Bridge
43,4/16/2016 0:00,4/16/2016 0:00,66,45,0,2384,Brooklyn Bridge
44,4/17/2016 0:00,4/17/2016 0:00,73.9,46,0,3147,Brooklyn Bridge
45,4/18/2016 0:00,4/18/2016 0:00,81,52,0,3871,Brooklyn Bridge
46,4/19/2016 0:00,4/19/2016 0:00,71.1,63,0,3501,Brooklyn Bridge
47,4/20/2016 0:00,4/20/2016 0:00,68,50,0,3450,Brooklyn Bridge
48,4/21/2016 0:00,4/21/2016 0:00,71.1,50,0,3436,Brooklyn Bridge
49,4/23/2016 0:00,4/23/2016 0:00,70,61,0.16,2055,Brooklyn Bridge
50,4/24/2016 0:00,4/24/2016 0:00,68,48,0,2798,Brooklyn Bridge
51,4/25/2016 0:00,4/25/2016 0:00,66.9,54,0,3463,Brooklyn Bridge
52,4/26/2016 0:00,4/26/2016 0:00,60.1,46.9,0.24,1997,Brooklyn Bridge
53,4/27/2016 0:00,4/27/2016 0:00,62.1,46.9,0,3343,Brooklyn Bridge
54,4/28/2016 0:00,4/28/2016 0:00,57.9,48,0,2486,Brooklyn Bridge
55,4/29/2016 0:00,4/29/2016 0:00,57,46.9,0.05,2375,Brooklyn Bridge
56,4/30/2016 0:00,4/30/2016 0:00,64,48,0,3199,Brooklyn Bridge
57,4/1/2016 0:00,4/1/2016 0:00,78.1,66,0.01,1704,Brooklyn Bridge
58,4/2/2016 0:00,4/2/2016 0:00,55,48.9,0.15,827,Brooklyn Bridge
59,4/3/2016 0:00,4/3/2016 0:00,39.9,34,0.09,526,Brooklyn Bridge
60,4/5/2016 0:00,4/5/2016 0:00,42.1,26.1,0,1416,Brooklyn Bridge
61,4/6/2016 0:00,4/6/2016 0:00,45,30,0,1885,Brooklyn Bridge
62,4/7/2016 0:00,4/7/2016 0:00,57,53.1,0.09,1276,Brooklyn Bridge
63,4/8/2016 0:00,4/8/2016 0:00,46.9,44.1,0.01,1982,Brooklyn Bridge
64,4/9/2016 0:00,4/9/2016 0:00,43,37.9,0.09,504,Brooklyn Bridge
65,4/10/2016 0:00,4/10/2016 0:00,48.9,30.9,0,1447,Brooklyn Bridge
66,4/11/2016 0:00,4/11/2016 0:00,62.1,46,0.01,2005,Brooklyn Bridge
67,4/12/2016 0:00,4/12/2016 0:00,57,45,0.2,1045,Brooklyn Bridge
68,4/13/2016 0:00,4/13/2016 0:00,57,39.9,0,2840,Brooklyn Bridge
69,4/14/2016 0:00,4/14/2016 0:00,62.1,44.6,0,2861,Brooklyn Bridge
70,4/15/2016 0:00,4/15/2016 0:00,64,44.1,0,2770,Brooklyn Bridge
71,4/16/2016 0:00,4/16/2016 0:00,66,45,0,2384,Brooklyn Bridge
72,4/17/2016 0:00,4/17/2016 0:00,73.9,46,0,3147,Brooklyn Bridge
73,4/18/2016 0:00,4/18/2016 0:00,81,52,0,3871,Brooklyn Bridge
74,4/19/2016 0:00,4/19/2016 0:00,71.1,63,0,3501,Brooklyn Bridge
75,4/20/2016 0:00,4/20/2016 0:00,68,50,0,3450,Brooklyn Bridge
76,4/21/2016 0:00,4/21/2016 0:00,71.1,50,0,3436,Brooklyn Bridge
77,4/23/2016 0:00,4/23/2016 0:00,70,61,0.16,2055,Brooklyn Bridge
78,4/24/2016 0:00,4/24/2016 0:00,68,48,0,2798,Brooklyn Bridge
79,4/25/2016 0:00,4/25/2016 0:00,66.9,54,0,3463,Brooklyn Bridge
80,4/26/2016 0:00,4/26/2016 0:00,60.1,46.9,0.24,1997,Brooklyn Bridge
81,4/27/2016 0:00,4/27/2016 0:00,62.1,46.9,0,3343,Brooklyn Bridge
82,4/28/2016 0:00,4/28/2016 0:00,57.9,48,0,2486,Brooklyn Bridge
83,4/29/2016 0:00,4/29/2016 0:00,57,46.9,0.05,2375,Brooklyn Bridge
84,4/30/2016 0:00,4/30/2016 0:00,64,48,0,3199,Brooklyn Bridge
85,4/1/2016 0:00,4/1/2016 0:00,78.1,66,0.01,1704,Brooklyn Bridge
86,4/2/2016 0:00,4/2/2016 0:00,55,48.9,0.15,827,Brooklyn Bridge
87,4/3/2016 0:00,4/3/2016 0:00,39.9,34,0.09,526,Brooklyn Bridge
88,4/5/2016 0:00,4/5/2016 0:00,42.1,26.1,0,1416,Brooklyn Bridge
89,4/6/2016 0:00,4/6/2016 0:00,45,30,0,1885,Brooklyn Bridge
90,4/7/2016 0:00,4/7/2016 0:00,57,53.1,0.09,1276,Brooklyn Bridge
91,4/8/2016 0:00,4/8/2016 0:00,46.9,44.1,0.01,1982,Brooklyn Bridge
92,4/9/2016 0:00,4/9/2016 0:00,43,37.9,0.09,504,Brooklyn Bridge
93,4/10/2016 0:00,4/10/2016 0:00,48.9,30.9,0,1447,Brooklyn Bridge
94,4/11/2016 0:00,4/11/2016 0:00,62.1,46,0.01,2005,Brooklyn Bridge
95,4/12/2016 0:00,4/12/2016 0:00,57,45,0.2,1045,Brooklyn Bridge
96,4/13/2016 0:00,4/13/2016 0:00,57,39.9,0,2840,Brooklyn Bridge
97,4/14/2016 0:00,4/14/2016 0:00,62.1,44.6,0,2861,Brooklyn Bridge
98,4/15/2016 0:00,4/15/2016 0:00,64,44.1,0,2770,Brooklyn Bridge
99,4/16/2016 0:00,4/16/2016 0:00,66,45,0,2384,Brooklyn Bridge
100,4/17/2016 0:00,4/17/2016 0:00,73.9,46,0,3147,Brooklyn Bridge
101,4/18/2016 0:00,4/18/2016 0:00,81,52,0,3871,Brooklyn Bridge
102,4/19/2016 0:00,4/19/2016 0:00,71.1,63,0,3501,Brooklyn Bridge
103,4/20/2016 0:00,4/20/2016 0:00,68,50,0,3450,Brooklyn Bridge
104,4/21/2016 0:00,4/21/2016 0:00,71.1,50,0,3436,Brooklyn Bridge
105,4/23/2016 0:00,4/23/2016 0:00,70,61,0.16,2055,Brooklyn Bridge
106,4/24/2016 0:00,4/24/2016 0:00,68,48,0,2798,Brooklyn Bridge
107,4/25/2016 0:00,4/25/2016 0:00,66.9,54,0,3463,Brooklyn Bridge
108,4/26/2016 0:00,4/26/2016 0:00,60.1,46.9,0.24,1997,Brooklyn Bridge
109,4/27/2016 0:00,4/27/2016 0:00,62.1,46.9,0,3343,Brooklyn Bridge
110,4/28/2016 0:00,4/28/2016 0:00,57.9,48,0,2486,Brooklyn Bridge
111,4/29/2016 0:00,4/29/2016 0:00,57,46.9,0.05,2375,Brooklyn Bridge
112,4/30/2016 0:00,4/30/2016 0:00,64,48,0,3199,Brooklyn Bridge
113,4/1/2016 0:00,4/1/2016 0:00,78.1,66,0.01,1704,Brooklyn Bridge
114,4/2/2016 0:00,4/2/2016 0:00,55,48.9,0.15,827,Brooklyn Bridge
115,4/3/2016 0:00,4/3/2016 0:00,39.9,34,0.09,526,Brooklyn Bridge
116,4/5/2016 0:00,4/5/2016 0:00,42.1,26.1,0,1416,Brooklyn Bridge
117,4/6/2016 0:00,4/6/2016 0:00,45,30,0,1885,Brooklyn Bridge
118,4/7/2016 0:00,4/7/2016 0:00,57,53.1,0.09,1276,Brooklyn Bridge
119,4/8/2016 0:00,4/8/2016 0:00,46.9,44.1,0.01,1982,Brooklyn Bridge
120,4/9/2016 0:00,4/9/2016 0:00,43,37.9,0.09,504,Brooklyn Bridge
121,4/10/2016 0:00,4/10/2016 0:00,48.9,30.9,0,1447,Brooklyn Bridge
122,4/11/2016 0:00,4/11/2016 0:00,62.1,46,0.01,2005,Brooklyn Bridge
123,4/12/2016 0:00,4/12/2016 0:00,57,45,0.2,1045,Brooklyn Bridge
124,4/13/2016 0:00,4/13/2016 0:00,57,39.9,0,2840,Brooklyn Bridge
125,4/14/2016 0:00,4/14/2016 0:00,62.1,44.6,0,2861,Brooklyn Bridge
126,4/15/2016 0:00,4/15/2016 0:00,64,44.1,0,2770,Brooklyn Bridge
127,4/16/2016 0:00,4/16/2016 0:00,66,45,0,2384,Brooklyn Bridge
128,4/17/2016 0:00,4/17/2016 0:00,73.9,46,0,3147,Brooklyn Bridge
129,4/18/2016 0:00,4/18/2016 0:00,81,52,0,3871,Brooklyn Bridge
130,4/19/2016 0:00,4/19/2016 0:00,71.1,63,0,3501,Brooklyn Bridge
131,4/20/2016 0:00,4/20/2016 0:00,68,50,0,3450,Brooklyn Bridge
132,4/21/2016 0:00,4/21/2016 0:00,71.1,50,0,3436,Brooklyn Bridge
133,4/23/2016 0:00,4/23/2016 0:00,70,61,0.16,2055,Brooklyn Bridge
134,4/24/2016 0:00,4/24/2016 0:00,68,48,0,2798,Brooklyn Bridge
135,4/25/2016 0:00,4/25/2016 0:00,66.9,54,0,3463,Brooklyn Bridge
136,4/26/2016 0:00,4/26/2016 0:00,60.1,46.9,0.24,1997,Brooklyn Bridge
137,4/27/2016 0:00,4/27/2016 0:00,62.1,46.9,0,3343,Brooklyn Bridge
138,4/28/2016 0:00,4/28/2016 0:00,57.9,48,0,2486,Brooklyn Bridge
139,4/29/2016 0:00,4/29/2016 0:00,57,46.9,0.05,2375,Brooklyn Bridge
140,4/30/2016 0:00,4/30/2016 0:00,64,48,0,3199,Brooklyn Bridge
141,4/1/2016 0:00,4/1/2016 0:00,78.1,66,0.01,1704,Brooklyn Bridge
142,4/2/2016 0:00,4/2/2016 0:00,55,48.9,0.15,827,Brooklyn Bridge
143,4/3/2016 0:00,4/3/2016 0:00,39.9,34,0.09,526,Brooklyn Bridge
144,4/5/2016 0:00,4/5/2016 0:00,42.1,26.1,0,1416,Brooklyn Bridge
145,4/6/2016 0:00,4/6/2016 0:00,45,30,0,1885,Brooklyn Bridge
146,4/7/2016 0:00,4/7/2016 0:00,57,53.1,0.09,1276,Brooklyn Bridge
147,4/8/2016 0:00,4/8/2016 0:00,46.9,44.1,0.01,1982,Brooklyn Bridge
148,4/9/2016 0:00,4/9/2016 0:00,43,37.9,0.09,504,Brooklyn Bridge
149,4/10/2016 0:00,4/10/2016 0:00,48.9,30.9,0,1447,Brooklyn Bridge
150,4/11/2016 0:00,4/11/2016 0:00,62.1,46,0.01,2005,Brooklyn Bridge
151,4/12/2016 0:00,4/12/2016 0:00,57,45,0.2,1045,Brooklyn Bridge
152,4/13/2016 0:00,4/13/2016 0:00,57,39.9,0,2840,Brooklyn Bridge
153,4/14/2016 0:00,4/14/2016 0:00,62.1,44.6,0,2861,Brooklyn Bridge
154,4/15/2016 0:00,4/15/2016 0:00,64,44.1,0,2770,Brooklyn Bridge
155,4/16/2016 0:00,4/16/2016 0:00,66,45,0,2384,Brooklyn Bridge
156,4/17/2016 0:00,4/17/2016 0:00,73.9,46,0,3147,Brooklyn Bridge
157,4/18/2016 0:00,4/18/2016 0:00,81,52,0,3871,Brooklyn Bridge
158,4/19/2016 0:00,4/19/2016 0:00,71.1,63,0,3501,Brooklyn Bridge
159,4/20/2016 0:00,4/20/2016 0:00,68,50,0,3450,Brooklyn Bridge
160,4/21/2016 0:00,4/21/2016 0:00,71.1,50,0,3436,Brooklyn Bridge
161,4/23/2016 0:00,4/23/2016 0:00,70,61,0.16,2055,Brooklyn Bridge
162,4/24/2016 0:00,4/24/2016 0:00,68,48,0,2798,Brooklyn Bridge
163,4/25/2016 0:00,4/25/2016 0:00,66.9,54,0,3463,Brooklyn Bridge
164,4/26/2016 0:00,4/26/2016 0:00,60.1,46.9,0.24,1997,Brooklyn Bridge
165,4/27/2016 0:00,4/27/2016 0:00,62.1,46.9,0,3343,Brooklyn Bridge
166,4/28/2016 0:00,4/28/2016 0:00,57.9,48,0,2486,Brooklyn Bridge
167,4/29/2016 0:00,4/29/2016 0:00,57,46.9,0.05,2375,Brooklyn Bridge
168,4/30/2016 0:00,4/30/2016 0:00,64,48,0,3199,Brooklyn Bridge
169,4/1/2016 0:00,4/1/2016 0:00,78.1,66,0.01,1704,Brooklyn Bridge
170,4/2/2016 0:00,4/2/2016 0:00,55,48.9,0.15,827,Brooklyn Bridge
171,4/3/2016 0:00,4/3/2016 0:00,39.9,34,0.09,526,Brooklyn Bridge
172,4/5/2016 0:00,4/5/2016 0:00,42.1,26.1,0,1416,Brooklyn Bridge
173,4/6/2016 0:00,4/6/2016 0:00,45,30,0,1885,Brooklyn Bridge
174,4/7/2016 0:00,4/7/2016 0:00,57,53.1,0.09,1276,Brooklyn Bridge
175,4/8/2016 0:00,4/8/2016 0:00,46.9,44.1,0.01,1982,Brooklyn Bridge
176,4/9/2016 0:00,4/9/2016 0:00,43,37.9,0.09,504,Brooklyn Bridge
177,4/10/2016 0:00,4/10/2016 0:00,48.9,30.9,0,1447,Brooklyn Bridge
178,4/11/2016 0:00,4/11/2016 0:00,62.1,46,0.01,2005,Brooklyn Bridge
179,4/12/2016 0:00,4/12/2016 0:00,57,45,0.2,1045,Brooklyn Bridge
180,4/13/2016 0:00,4/13/2016 0:00,57,39.9,0,2840,Brooklyn Bridge
181,4/14/2016 0:00,4/14/2016 0:00,62.1,44.6,0,2861,Brooklyn Bridge
182,4/15/2016 0:00,4/15/2016 0:00,64,44.1,0,2770,Brooklyn Bridge
183,4/16/2016 0:00,4/16/2016 0:00,66,45,0,2384,Brooklyn Bridge
184,4/17/2016 0:00,4/17/2016 0:00,73.9,46,0,3147,Brooklyn Bridge
185,4/18/2016 0:00,4/18/2016 0:00,81,52,0,3871,Brooklyn Bridge
186,4/19/2016 0:00,4/19/2016 0:00,71.1,63,0,3501,Brooklyn Bridge
187,4/20/2016 0:00,4/20/2016 0:00,68,50,0,3450,Brooklyn Bridge
188,4/21/2016 0:00,4/21/2016 0:00,71.1,50,0,3436,Brooklyn Bridge
189,4/23/2016 0:00,4/23/2016 0:00,70,61,0.16,2055,Brooklyn Bridge
190,4/24/2016 0:00,4/24/2016 0:00,68,48,0,2798,Brooklyn Bridge
191,4/25/2016 0:00,4/25/2016 0:00,66.9,54,0,3463,Brooklyn Bridge
192,4/26/2016 0:00,4/26/2016 0:00,60.1,46.9,0.24,1997,Brooklyn Bridge
193,4/27/2016 0:00,4/27/2016 0:00,62.1,46.9,0,3343,Brooklyn Bridge
194,4/28/2016 0:00,4/28/2016 0:00,57.9,48,0,2486,Brooklyn Bridge
195,4/29/2016 0:00,4/29/2016 0:00,57,46.9,0.05,2375,Brooklyn Bridge
196,4/30/2016 0:00,4/30/2016 0:00,64,48,0,3199,Brooklyn Bridge
197,4/1/2016 0:00,4/1/2016 0:00,78.1,66,0.01,3126,Manhattan Bridge
198,4/2/2016 0:00,4/2/2016 0:00,55,48.9,0.15,1646,Manhattan Bridge
199,4/3/2016 0:00,4/3/2016 0:00,39.9,34,0.09,1232,Manhattan Bridge
200,4/5/2016 0:00,4/5/2016 0:00,42.1,26.1,0,2617,Manhattan Bridge
201,4/6/2016 0:00,4/6/2016 0:00,45,30,0,3329,Manhattan Bridge
202,4/7/2016 0:00,4/7/2016 0:00,57,53.1,0.09,2581,Manhattan Bridge
203,4/8/2016 0:00,4/8/2016 0:00,46.9,44.1,0.01,3455,Manhattan Bridge
204,4/9/2016 0:00,4/9/2016 0:00,43,37.9,0.09,997,Manhattan Bridge
205,4/10/2016 0:00,4/10/2016 0:00,48.9,30.9,0,2387,Manhattan Bridge
206,4/11/2016 0:00,4/11/2016 0:00,62.1,46,0.01,3791,Manhattan Bridge
207,4/12/2016 0:00,4/12/2016 0:00,57,45,0.2,2178,Manhattan Bridge
208,4/13/2016 0:00,4/13/2016 0:00,57,39.9,0,5395,Manhattan Bridge
209,4/14/2016 0:00,4/14/2016 0:00,62.1,44.6,0,5309,Manhattan Bridge
210,4/15/2016 0:00,4/15/2016 0:00,64,44.1,0,5072,Manhattan Bridge
211,4/16/2016 0:00,4/16/2016 0:00,66,45,0,4316,Manhattan Bridge
212,4/17/2016 0:00,4/17/2016 0:00,73.9,46,0,4969,Manhattan Bridge
213,4/18/2016 0:00,4/18/2016 0:00,81,52,0,6823,Manhattan Bridge
214,4/19/2016 0:00,4/19/2016 0:00,71.1,63,0,6951,Manhattan Bridge
215,4/20/2016 0:00,4/20/2016 0:00,68,50,0,6574,Manhattan Bridge
216,4/21/2016 0:00,4/21/2016 0:00,71.1,50,0,6452,Manhattan Bridge
217,4/23/2016 0:00,4/23/2016 0:00,70,61,0.16,3276,Manhattan Bridge
218,4/24/2016 0:00,4/24/2016 0:00,68,48,0,4650,Manhattan Bridge
219,4/25/2016 0:00,4/25/2016 0:00,66.9,54,0,5978,Manhattan Bridge
220,4/26/2016 0:00,4/26/2016 0:00,60.1,46.9,0.24,3520,Manhattan Bridge
221,4/27/2016 0:00,4/27/2016 0:00,62.1,46.9,0,5606,Manhattan Bridge
222,4/28/2016 0:00,4/28/2016 0:00,57.9,48,0,4152,Manhattan Bridge
223,4/29/2016 0:00,4/29/2016 0:00,57,46.9,0.05,4178,Manhattan Bridge
224,4/30/2016 0:00,4/30/2016 0:00,64,48,0,4952,Manhattan Bridge
225,4/1/2016 0:00,4/1/2016 0:00,78.1,66,0.01,3126,Manhattan Bridge
226,4/2/2016 0:00,4/2/2016 0:00,55,48.9,0.15,1646,Manhattan Bridge
227,4/3/2016 0:00,4/3/2016 0:00,39.9,34,0.09,1232,Manhattan Bridge
228,4/5/2016 0:00,4/5/2016 0:00,42.1,26.1,0,2617,Manhattan Bridge
229,4/6/2016 0:00,4/6/2016 0:00,45,30,0,3329,Manhattan Bridge
230,4/7/2016 0:00,4/7/2016 0:00,57,53.1,0.09,2581,Manhattan Bridge
231,4/8/2016 0:00,4/8/2016 0:00,46.9,44.1,0.01,3455,Manhattan Bridge
232,4/9/2016 0:00,4/9/2016 0:00,43,37.9,0.09,997,Manhattan Bridge
233,4/10/2016 0:00,4/10/2016 0:00,48.9,30.9,0,2387,Manhattan Bridge
234,4/11/2016 0:00,4/11/2016 0:00,62.1,46,0.01,3791,Manhattan Bridge
235,4/12/2016 0:00,4/12/2016 0:00,57,45,0.2,2178,Manhattan Bridge
236,4/13/2016 0:00,4/13/2016 0:00,57,39.9,0,5395,Manhattan Bridge
237,4/14/2016 0:00,4/14/2016 0:00,62.1,44.6,0,5309,Manhattan Bridge
238,4/15/2016 0:00,4/15/2016 0:00,64,44.1,0,5072,Manhattan Bridge
239,4/16/2016 0:00,4/16/2016 0:00,66,45,0,4316,Manhattan Bridge
240,4/17/2016 0:00,4/17/2016 0:00,73.9,46,0,4969,Manhattan Bridge
241,4/18/2016 0:00,4/18/2016 0:00,81,52,0,6823,Manhattan Bridge
242,4/19/2016 0:00,4/19/2016 0:00,71.1,63,0,6951,Manhattan Bridge
243,4/20/2016 0:00,4/20/2016 0:00,68,50,0,6574,Manhattan Bridge
244,4/21/2016 0:00,4/21/2016 0:00,71.1,50,0,6452,Manhattan Bridge
245,4/23/2016 0:00,4/23/2016 0:00,70,61,0.16,3276,Manhattan Bridge
246,4/24/2016 0:00,4/24/2016 0:00,68,48,0,4650,Manhattan Bridge
247,4/25/2016 0:00,4/25/2016 0:00,66.9,54,0,5978,Manhattan Bridge
248,4/26/2016 0:00,4/26/2016 0:00,60.1,46.9,0.24,3520,Manhattan Bridge
249,4/27/2016 0:00,4/27/2016 0:00,62.1,46.9,0,5606,Manhattan Bridge
250,4/28/2016 0:00,4/28/2016 0:00,57.9,48,0,4152,Manhattan Bridge
251,4/29/2016 0:00,4/29/2016 0:00,57,46.9,0.05,4178,Manhattan Bridge
252,4/30/2016 0:00,4/30/2016 0:00,64,48,0,4952,Manhattan Bridge
253,4/1/2016 0:00,4/1/2016 0:00,78.1,66,0.01,3126,Manhattan Bridge
254,4/2/2016 0:00,4/2/2016 0:00,55,48.9,0.15,1646,Manhattan Bridge
255,4/3/2016 0:00,4/3/2016 0:00,39.9,34,0.09,1232,Manhattan Bridge
256,4/5/2016 0:00,4/5/2016 0:00,42.1,26.1,0,2617,Manhattan Bridge
257,4/6/2016 0:00,4/6/2016 0:00,45,30,0,3329,Manhattan Bridge
258,4/7/2016 0:00,4/7/2016 0:00,57,53.1,0.09,2581,Manhattan Bridge
259,4/8/2016 0:00,4/8/2016 0:00,46.9,44.1,0.01,3455,Manhattan Bridge
260,4/9/2016 0:00,4/9/2016 0:00,43,37.9,0.09,997,Manhattan Bridge
261,4/10/2016 0:00,4/10/2016 0:00,48.9,30.9,0,2387,Manhattan Bridge
262,4/11/2016 0:00,4/11/2016 0:00,62.1,46,0.01,3791,Manhattan Bridge
263,4/12/2016 0:00,4/12/2016 0:00,57,45,0.2,2178,Manhattan Bridge
264,4/13/2016 0:00,4/13/2016 0:00,57,39.9,0,5395,Manhattan Bridge
265,4/14/2016 0:00,4/14/2016 0:00,62.1,44.6,0,5309,Manhattan Bridge
266,4/15/2016 0:00,4/15/2016 0:00,64,44.1,0,5072,Manhattan Bridge
267,4/16/2016 0:00,4/16/2016 0:00,66,45,0,4316,Manhattan Bridge
268,4/17/2016 0:00,4/17/2016 0:00,73.9,46,0,4969,Manhattan Bridge
269,4/18/2016 0:00,4/18/2016 0:00,81,52,0,6823,Manhattan Bridge
270,4/19/2016 0:00,4/19/2016 0:00,71.1,63,0,6951,Manhattan Bridge
271,4/20/2016 0:00,4/20/2016 0:00,68,50,0,6574,Manhattan Bridge
272,4/21/2016 0:00,4/21/2016 0:00,71.1,50,0,6452,Manhattan Bridge
273,4/23/2016 0:00,4/23/2016 0:00,70,61,0.16,3276,Manhattan Bridge
274,4/24/2016 0:00,4/24/2016 0:00,68,48,0,4650,Manhattan Bridge
275,4/25/2016 0:00,4/25/2016 0:00,66.9,54,0,5978,Manhattan Bridge
276,4/26/2016 0:00,4/26/2016 0:00,60.1,46.9,0.24,3520,Manhattan Bridge
277,4/27/2016 0:00,4/27/2016 0:00,62.1,46.9,0,5606,Manhattan Bridge
278,4/28/2016 0:00,4/28/2016 0:00,57.9,48,0,4152,Manhattan Bridge
279,4/29/2016 0:00,4/29/2016 0:00,57,46.9,0.05,4178,Manhattan Bridge
280,4/30/2016 0:00,4/30/2016 0:00,64,48,0,4952,Manhattan Bridge
281,4/1/2016 0:00,4/1/2016 0:00,78.1,66,0.01,3126,Manhattan Bridge
282,4/2/2016 0:00,4/2/2016 0:00,55,48.9,0.15,1646,Manhattan Bridge
283,4/3/2016 0:00,4/3/2016 0:00,39.9,34,0.09,1232,Manhattan Bridge
284,4/5/2016 0:00,4/5/2016 0:00,42.1,26.1,0,2617,Manhattan Bridge
285,4/6/2016 0:00,4/6/2016 0:00,45,30,0,3329,Manhattan Bridge
286,4/7/2016 0:00,4/7/2016 0:00,57,53.1,0.09,2581,Manhattan Bridge
287,4/8/2016 0:00,4/8/2016 0:00,46.9,44.1,0.01,3455,Manhattan Bridge
288,4/9/2016 0:00,4/9/2016 0:00,43,37.9,0.09,997,Manhattan Bridge
289,4/10/2016 0:00,4/10/2016 0:00,48.9,30.9,0,2387,Manhattan Bridge
290,4/11/2016 0:00,4/11/2016 0:00,62.1,46,0.01,3791,Manhattan Bridge
291,4/12/2016 0:00,4/12/2016 0:00,57,45,0.2,2178,Manhattan Bridge
292,4/13/2016 0:00,4/13/2016 0:00,57,39.9,0,5395,Manhattan Bridge
293,4/14/2016 0:00,4/14/2016 0:00,62.1,44.6,0,5309,Manhattan Bridge
294,4/15/2016 0:00,4/15/2016 0:00,64,44.1,0,5072,Manhattan Bridge
295,4/16/2016 0:00,4/16/2016 0:00,66,45,0,4316,Manhattan Bridge
296,4/17/2016 0:00,4/17/2016 0:00,73.9,46,0,4969,Manhattan Bridge
297,4/18/2016 0:00,4/18/2016 0:00,81,52,0,6823,Manhattan Bridge
298,4/19/2016 0:00,4/19/2016 0:00,71.1,63,0,6951,Manhattan Bridge
299,4/20/2016 0:00,4/20/2016 0:00,68,50,0,6574,Manhattan Bridge
300,4/21/2016 0:00,4/21/2016 0:00,71.1,50,0,6452,Manhattan Bridge
301,4/23/2016 0:00,4/23/2016 0:00,70,61,0.16,3276,Manhattan Bridge
302,4/24/2016 0:00,4/24/2016 0:00,68,48,0,4650,Manhattan Bridge
303,4/25/2016 0:00,4/25/2016 0:00,66.9,54,0,5978,Manhattan Bridge
304,4/26/2016 0:00,4/26/2016 0:00,60.1,46.9,0.24,3520,Manhattan Bridge
305,4/27/2016 0:00,4/27/2016 0:00,62.1,46.9,0,5606,Manhattan Bridge
306,4/28/2016 0:00,4/28/2016 0:00,57.9,48,0,4152,Manhattan Bridge
307,4/29/2016 0:00,4/29/2016 0:00,57,46.9,0.05,4178,Manhattan Bridge
308,4/30/2016 0:00,4/30/2016 0:00,64,48,0,4952,Manhattan Bridge
309,4/1/2016 0:00,4/1/2016 0:00,78.1,66,0.01,3126,Manhattan Bridge
310,4/2/2016 0:00,4/2/2016 0:00,55,48.9,0.15,1646,Manhattan Bridge
311,4/3/2016 0:00,4/3/2016 0:00,39.9,34,0.09,1232,Manhattan Bridge
312,4/5/2016 0:00,4/5/2016 0:00,42.1,26.1,0,2617,Manhattan Bridge
313,4/6/2016 0:00,4/6/2016 0:00,45,30,0,3329,Manhattan Bridge
314,4/7/2016 0:00,4/7/2016 0:00,57,53.1,0.09,2581,Manhattan Bridge
315,4/8/2016 0:00,4/8/2016 0:00,46.9,44.1,0.01,3455,Manhattan Bridge
316,4/9/2016 0:00,4/9/2016 0:00,43,37.9,0.09,997,Manhattan Bridge
317,4/10/2016 0:00,4/10/2016 0:00,48.9,30.9,0,2387,Manhattan Bridge
318,4/11/2016 0:00,4/11/2016 0:00,62.1,46,0.01,3791,Manhattan Bridge
319,4/12/2016 0:00,4/12/2016 0:00,57,45,0.2,2178,Manhattan Bridge
320,4/13/2016 0:00,4/13/2016 0:00,57,39.9,0,5395,Manhattan Bridge
321,4/14/2016 0:00,4/14/2016 0:00,62.1,44.6,0,5309,Manhattan Bridge
322,4/15/2016 0:00,4/15/2016 0:00,64,44.1,0,5072,Manhattan Bridge
323,4/16/2016 0:00,4/16/2016 0:00,66,45,0,4316,Manhattan Bridge
324,4/17/2016 0:00,4/17/2016 0:00,73.9,46,0,4969,Manhattan Bridge
325,4/18/2016 0:00,4/18/2016 0:00,81,52,0,6823,Manhattan Bridge
326,4/19/2016 0:00,4/19/2016 0:00,71.1,63,0,6951,Manhattan Bridge
327,4/20/2016 0:00,4/20/2016 0:00,68,50,0,6574,Manhattan Bridge
328,4/21/2016 0:00,4/21/2016 0:00,71.1,50,0,6452,Manhattan Bridge
329,4/23/2016 0:00,4/23/2016 0:00,70,61,0.16,3276,Manhattan Bridge
330,4/24/2016 0:00,4/24/2016 0:00,68,48,0,4650,Manhattan Bridge
331,4/25/2016 0:00,4/25/2016 0:00,66.9,54,0,5978,Manhattan Bridge
332,4/26/2016 0:00,4/26/2016 0:00,60.1,46.9,0.24,3520,Manhattan Bridge
333,4/27/2016 0:00,4/27/2016 0:00,62.1,46.9,0,5606,Manhattan Bridge
334,4/28/2016 0:00,4/28/2016 0:00,57.9,48,0,4152,Manhattan Bridge
335,4/29/2016 0:00,4/29/2016 0:00,57,46.9,0.05,4178,Manhattan Bridge
336,4/30/2016 0:00,4/30/2016 0:00,64,48,0,4952,Manhattan Bridge
337,4/1/2016 0:00,4/1/2016 0:00,78.1,66,0.01,3126,Manhattan Bridge
338,4/2/2016 0:00,4/2/2016 0:00,55,48.9,0.15,1646,Manhattan Bridge
339,4/3/2016 0:00,4/3/2016 0:00,39.9,34,0.09,1232,Manhattan Bridge
340,4/5/2016 0:00,4/5/2016 0:00,42.1,26.1,0,2617,Manhattan Bridge
341,4/6/2016 0:00,4/6/2016 0:00,45,30,0,3329,Manhattan Bridge
342,4/7/2016 0:00,4/7/2016 0:00,57,53.1,0.09,2581,Manhattan Bridge
343,4/8/2016 0:00,4/8/2016 0:00,46.9,44.1,0.01,3455,Manhattan Bridge
344,4/9/2016 0:00,4/9/2016 0:00,43,37.9,0.09,997,Manhattan Bridge
345,4/10/2016 0:00,4/10/2016 0:00,48.9,30.9,0,2387,Manhattan Bridge
346,4/11/2016 0:00,4/11/2016 0:00,62.1,46,0.01,3791,Manhattan Bridge
347,4/12/2016 0:00,4/12/2016 0:00,57,45,0.2,2178,Manhattan Bridge
348,4/13/2016 0:00,4/13/2016 0:00,57,39.9,0,5395,Manhattan Bridge
349,4/14/2016 0:00,4/14/2016 0:00,62.1,44.6,0,5309,Manhattan Bridge
350,4/15/2016 0:00,4/15/2016 0:00,64,44.1,0,5072,Manhattan Bridge
351,4/16/2016 0:00,4/16/2016 0:00,66,45,0,4316,Manhattan Bridge
352,4/17/2016 0:00,4/17/2016 0:00,73.9,46,0,4969,Manhattan Bridge
353,4/18/2016 0:00,4/18/2016 0:00,81,52,0,6823,Manhattan Bridge
354,4/19/2016 0:00,4/19/2016 0:00,71.1,63,0,6951,Manhattan Bridge
355,4/20/2016 0:00,4/20/2016 0:00,68,50,0,6574,Manhattan Bridge
356,4/21/2016 0:00,4/21/2016 0:00,71.1,50,0,6452,Manhattan Bridge
357,4/23/2016 0:00,4/23/2016 0:00,70,61,0.16,3276,Manhattan Bridge
358,4/24/2016 0:00,4/24/2016 0:00,68,48,0,4650,Manhattan Bridge
359,4/25/2016 0:00,4/25/2016 0:00,66.9,54,0,5978,Manhattan Bridge
360,4/26/2016 0:00,4/26/2016 0:00,60.1,46.9,0.24,3520,Manhattan Bridge
361,4/27/2016 0:00,4/27/2016 0:00,62.1,46.9,0,5606,Manhattan Bridge
362,4/28/2016 0:00,4/28/2016 0:00,57.9,48,0,4152,Manhattan Bridge
363,4/29/2016 0:00,4/29/2016 0:00,57,46.9,0.05,4178,Manhattan Bridge
364,4/30/2016 0:00,4/30/2016 0:00,64,48,0,4952,Manhattan Bridge
365,4/1/2016 0:00,4/1/2016 0:00,78.1,66,0.01,3126,Manhattan Bridge
366,4/2/2016 0:00,4/2/2016 0:00,55,48.9,0.15,1646,Manhattan Bridge
367,4/3/2016 0:00,4/3/2016 0:00,39.9,34,0.09,1232,Manhattan Bridge
368,4/5/2016 0:00,4/5/2016 0:00,42.1,26.1,0,2617,Manhattan Bridge
369,4/6/2016 0:00,4/6/2016 0:00,45,30,0,3329,Manhattan Bridge
370,4/7/2016 0:00,4/7/2016 0:00,57,53.1,0.09,2581,Manhattan Bridge
371,4/8/2016 0:00,4/8/2016 0:00,46.9,44.1,0.01,3455,Manhattan Bridge
372,4/9/2016 0:00,4/9/2016 0:00,43,37.9,0.09,997,Manhattan Bridge
373,4/10/2016 0:00,4/10/2016 0:00,48.9,30.9,0,2387,Manhattan Bridge
374,4/11/2016 0:00,4/11/2016 0:00,62.1,46,0.01,3791,Manhattan Bridge
375,4/12/2016 0:00,4/12/2016 0:00,57,45,0.2,2178,Manhattan Bridge
376,4/13/2016 0:00,4/13/2016 0:00,57,39.9,0,5395,Manhattan Bridge
377,4/14/2016 0:00,4/14/2016 0:00,62.1,44.6,0,5309,Manhattan Bridge
378,4/15/2016 0:00,4/15/2016 0:00,64,44.1,0,5072,Manhattan Bridge
379,4/16/2016 0:00,4/16/2016 0:00,66,45,0,4316,Manhattan Bridge
380,4/17/2016 0:00,4/17/2016 0:00,73.9,46,0,4969,Manhattan Bridge
381,4/18/2016 0:00,4/18/2016 0:00,81,52,0,6823,Manhattan Bridge
382,4/19/2016 0:00,4/19/2016 0:00,71.1,63,0,6951,Manhattan Bridge
383,4/20/2016 0:00,4/20/2016 0:00,68,50,0,6574,Manhattan Bridge
384,4/21/2016 0:00,4/21/2016 0:00,71.1,50,0,6452,Manhattan Bridge
385,4/23/2016 0:00,4/23/2016 0:00,70,61,0.16,3276,Manhattan Bridge
386,4/24/2016 0:00,4/24/2016 0:00,68,48,0,4650,Manhattan Bridge
387,4/25/2016 0:00,4/25/2016 0:00,66.9,54,0,5978,Manhattan Bridge
388,4/26/2016 0:00,4/26/2016 0:00,60.1,46.9,0.24,3520,Manhattan Bridge
389,4/27/2016 0:00,4/27/2016 0:00,62.1,46.9,0,5606,Manhattan Bridge
390,4/28/2016 0:00,4/28/2016 0:00,57.9,48,0,4152,Manhattan Bridge
391,4/29/2016 0:00,4/29/2016 0:00,57,46.9,0.05,4178,Manhattan Bridge
392,4/30/2016 0:00,4/30/2016 0:00,64,48,0,4952,Manhattan Bridge
393,4/1/2016 0:00,4/1/2016 0:00,78.1,66,0.01,4115,Williamsburg Bridge
394,4/2/2016 0:00,4/2/2016 0:00,55,48.9,0.15,2565,Williamsburg Bridge
395,4/3/2016 0:00,4/3/2016 0:00,39.9,34,0.09,1695,Williamsburg Bridge
396,4/5/2016 0:00,4/5/2016 0:00,42.1,26.1,0,3081,Williamsburg Bridge
397,4/6/2016 0:00,4/6/2016 0:00,45,30,0,3856,Williamsburg Bridge
398,4/7/2016 0:00,4/7/2016 0:00,57,53.1,0.09,3282,Williamsburg Bridge
399,4/8/2016 0:00,4/8/2016 0:00,46.9,44.1,0.01,4113,Williamsburg Bridge
400,4/9/2016 0:00,4/9/2016 0:00,43,37.9,0.09,1507,Williamsburg Bridge
401,4/10/2016 0:00,4/10/2016 0:00,48.9,30.9,0,3132,Williamsburg Bridge
402,4/11/2016 0:00,4/11/2016 0:00,62.1,46,0.01,4334,Williamsburg Bridge
403,4/12/2016 0:00,4/12/2016 0:00,57,45,0.2,2762,Williamsburg Bridge
404,4/13/2016 0:00,4/13/2016 0:00,57,39.9,0,5995,Williamsburg Bridge
405,4/14/2016 0:00,4/14/2016 0:00,62.1,44.6,0,6030,Williamsburg Bridge
406,4/15/2016 0:00,4/15/2016 0:00,64,44.1,0,5816,Williamsburg Bridge
407,4/16/2016 0:00,4/16/2016 0:00,66,45,0,5624,Williamsburg Bridge
408,4/17/2016 0:00,4/17/2016 0:00,73.9,46,0,5867,Williamsburg Bridge
409,4/18/2016 0:00,4/18/2016 0:00,81,52,0,7432,Williamsburg Bridge
410,4/19/2016 0:00,4/19/2016 0:00,71.1,63,0,7834,Williamsburg Bridge
411,4/20/2016 0:00,4/20/2016 0:00,68,50,0,7639,Williamsburg Bridge
412,4/21/2016 0:00,4/21/2016 0:00,71.1,50,0,7426,Williamsburg Bridge
413,4/23/2016 0:00,4/23/2016 0:00,70,61,0.16,4856,Williamsburg Bridge
414,4/24/2016 0:00,4/24/2016 0:00,68,48,0,5335,Williamsburg Bridge
415,4/25/2016 0:00,4/25/2016 0:00,66.9,54,0,6845,Williamsburg Bridge
416,4/26/2016 0:00,4/26/2016 0:00,60.1,46.9,0.24,4559,Williamsburg Bridge
417,4/27/2016 0:00,4/27/2016 0:00,62.1,46.9,0,6577,Williamsburg Bridge
418,4/28/2016 0:00,4/28/2016 0:00,57.9,48,0,5336,Williamsburg Bridge
419,4/29/2016 0:00,4/29/2016 0:00,57,46.9,0.05,5053,Williamsburg Bridge
420,4/30/2016 0:00,4/30/2016 0:00,64,48,0,5675,Williamsburg Bridge
421,4/1/2016 0:00,4/1/2016 0:00,78.1,66,0.01,4115,Williamsburg Bridge
422,4/2/2016 0:00,4/2/2016 0:00,55,48.9,0.15,2565,Williamsburg Bridge
423,4/3/2016 0:00,4/3/2016 0:00,39.9,34,0.09,1695,Williamsburg Bridge
424,4/5/2016 0:00,4/5/2016 0:00,42.1,26.1,0,3081,Williamsburg Bridge
425,4/6/2016 0:00,4/6/2016 0:00,45,30,0,3856,Williamsburg Bridge
426,4/7/2016 0:00,4/7/2016 0:00,57,53.1,0.09,3282,Williamsburg Bridge
427,4/8/2016 0:00,4/8/2016 0:00,46.9,44.1,0.01,4113,Williamsburg Bridge
428,4/9/2016 0:00,4/9/2016 0:00,43,37.9,0.09,1507,Williamsburg Bridge
429,4/10/2016 0:00,4/10/2016 0:00,48.9,30.9,0,3132,Williamsburg Bridge
430,4/11/2016 0:00,4/11/2016 0:00,62.1,46,0.01,4334,Williamsburg Bridge
431,4/12/2016 0:00,4/12/2016 0:00,57,45,0.2,2762,Williamsburg Bridge
432,4/13/2016 0:00,4/13/2016 0:00,57,39.9,0,5995,Williamsburg Bridge
433,4/14/2016 0:00,4/14/2016 0:00,62.1,44.6,0,6030,Williamsburg Bridge
434,4/15/2016 0:00,4/15/2016 0:00,64,44.1,0,5816,Williamsburg Bridge
435,4/16/2016 0:00,4/16/2016 0:00,66,45,0,5624,Williamsburg Bridge
436,4/17/2016 0:00,4/17/2016 0:00,73.9,46,0,5867,Williamsburg Bridge
437,4/18/2016 0:00,4/18/2016 0:00,81,52,0,7432,Williamsburg Bridge
438,4/19/2016 0:00,4/19/2016 0:00,71.1,63,0,7834,Williamsburg Bridge
439,4/20/2016 0:00,4/20/2016 0:00,68,50,0,7639,Williamsburg Bridge
440,4/21/2016 0:00,4/21/2016 0:00,71.1,50,0,7426,Williamsburg Bridge
441,4/23/2016 0:00,4/23/2016 0:00,70,61,0.16,4856,Williamsburg Bridge
442,4/24/2016 0:00,4/24/2016 0:00,68,48,0,5335,Williamsburg Bridge
443,4/25/2016 0:00,4/25/2016 0:00,66.9,54,0,6845,Williamsburg Bridge
444,4/26/2016 0:00,4/26/2016 0:00,60.1,46.9,0.24,4559,Williamsburg Bridge
445,4/27/2016 0:00,4/27/2016 0:00,62.1,46.9,0,6577,Williamsburg Bridge
446,4/28/2016 0:00,4/28/2016 0:00,57.9,48,0,5336,Williamsburg Bridge
447,4/29/2016 0:00,4/29/2016 0:00,57,46.9,0.05,5053,Williamsburg Bridge
448,4/30/2016 0:00,4/30/2016 0:00,64,48,0,5675,Williamsburg Bridge
449,4/1/2016 0:00,4/1/2016 0:00,78.1,66,0.01,4115,Williamsburg Bridge
450,4/2/2016 0:00,4/2/2016 0:00,55,48.9,0.15,2565,Williamsburg Bridge
451,4/3/2016 0:00,4/3/2016 0:00,39.9,34,0.09,1695,Williamsburg Bridge
452,4/5/2016 0:00,4/5/2016 0:00,42.1,26.1,0,3081,Williamsburg Bridge
453,4/6/2016 0:00,4/6/2016 0:00,45,30,0,3856,Williamsburg Bridge
454,4/7/2016 0:00,4/7/2016 0:00,57,53.1,0.09,3282,Williamsburg Bridge
455,4/8/2016 0:00,4/8/2016 0:00,46.9,44.1,0.01,4113,Williamsburg Bridge
456,4/9/2016 0:00,4/9/2016 0:00,43,37.9,0.09,1507,Williamsburg Bridge
457,4/10/2016 0:00,4/10/2016 0:00,48.9,30.9,0,3132,Williamsburg Bridge
458,4/11/2016 0:00,4/11/2016 0:00,62.1,46,0.01,4334,Williamsburg Bridge
459,4/12/2016 0:00,4/12/2016 0:00,57,45,0.2,2762,Williamsburg Bridge
460,4/13/2016 0:00,4/13/2016 0:00,57,39.9,0,5995,Williamsburg Bridge
461,4/14/2016 0:00,4/14/2016 0:00,62.1,44.6,0,6030,Williamsburg Bridge
462,4/15/2016 0:00,4/15/2016 0:00,64,44.1,0,5816,Williamsburg Bridge
463,4/16/2016 0:00,4/16/2016 0:00,66,45,0,5624,Williamsburg Bridge
464,4/17/2016 0:00,4/17/2016 0:00,73.9,46,0,5867,Williamsburg Bridge
465,4/18/2016 0:00,4/18/2016 0:00,81,52,0,7432,Williamsburg Bridge
466,4/19/2016 0:00,4/19/2016 0:00,71.1,63,0,7834,Williamsburg Bridge
467,4/20/2016 0:00,4/20/2016 0:00,68,50,0,7639,Williamsburg Bridge
468,4/21/2016 0:00,4/21/2016 0:00,71.1,50,0,7426,Williamsburg Bridge
469,4/23/2016 0:00,4/23/2016 0:00,70,61,0.16,4856,Williamsburg Bridge
470,4/24/2016 0:00,4/24/2016 0:00,68,48,0,5335,Williamsburg Bridge
471,4/25/2016 0:00,4/25/2016 0:00,66.9,54,0,6845,Williamsburg Bridge
472,4/26/2016 0:00,4/26/2016 0:00,60.1,46.9,0.24,4559,Williamsburg Bridge
473,4/27/2016 0:00,4/27/2016 0:00,62.1,46.9,0,6577,Williamsburg Bridge
474,4/28/2016 0:00,4/28/2016 0:00,57.9,48,0,5336,Williamsburg Bridge
475,4/29/2016 0:00,4/29/2016 0:00,57,46.9,0.05,5053,Williamsburg Bridge
476,4/30/2016 0:00,4/30/2016 0:00,64,48,0,5675,Williamsburg Bridge
477,4/1/2016 0:00,4/1/2016 0:00,78.1,66,0.01,4115,Williamsburg Bridge
478,4/2/2016 0:00,4/2/2016 0:00,55,48.9,0.15,2565,Williamsburg Bridge
479,4/3/2016 0:00,4/3/2016 0:00,39.9,34,0.09,1695,Williamsburg Bridge
480,4/5/2016 0:00,4/5/2016 0:00,42.1,26.1,0,3081,Williamsburg Bridge
481,4/6/2016 0:00,4/6/2016 0:00,45,30,0,3856,Williamsburg Bridge
482,4/7/2016 0:00,4/7/2016 0:00,57,53.1,0.09,3282,Williamsburg Bridge
483,4/8/2016 0:00,4/8/2016 0:00,46.9,44.1,0.01,4113,Williamsburg Bridge
484,4/9/2016 0:00,4/9/2016 0:00,43,37.9,0.09,1507,Williamsburg Bridge
485,4/10/2016 0:00,4/10/2016 0:00,48.9,30.9,0,3132,Williamsburg Bridge
486,4/11/2016 0:00,4/11/2016 0:00,62.1,46,0.01,4334,Williamsburg Bridge
487,4/12/2016 0:00,4/12/2016 0:00,57,45,0.2,2762,Williamsburg Bridge
488,4/13/2016 0:00,4/13/2016 0:00,57,39.9,0,5995,Williamsburg Bridge
489,4/14/2016 0:00,4/14/2016 0:00,62.1,44.6,0,6030,Williamsburg Bridge
490,4/15/2016 0:00,4/15/2016 0:00,64,44.1,0,5816,Williamsburg Bridge
491,4/16/2016 0:00,4/16/2016 0:00,66,45,0,5624,Williamsburg Bridge
492,4/17/2016 0:00,4/17/2016 0:00,73.9,46,0,5867,Williamsburg Bridge
493,4/18/2016 0:00,4/18/2016 0:00,81,52,0,7432,Williamsburg Bridge
494,4/19/2016 0:00,4/19/2016 0:00,71.1,63,0,7834,Williamsburg Bridge
495,4/20/2016 0:00,4/20/2016 0:00,68,50,0,7639,Williamsburg Bridge
496,4/21/2016 0:00,4/21/2016 0:00,71.1,50,0,7426,Williamsburg Bridge
497,4/23/2016 0:00,4/23/2016 0:00,70,61,0.16,4856,Williamsburg Bridge
498,4/24/2016 0:00,4/24/2016 0:00,68,48,0,5335,Williamsburg Bridge
499,4/25/2016 0:00,4/25/2016 0:00,66.9,54,0,6845,Williamsburg Bridge
500,4/26/2016 0:00,4/26/2016 0:00,60.1,46.9,0.24,4559,Williamsburg Bridge
501,4/27/2016 0:00,4/27/2016 0:00,62.1,46.9,0,6577,Williamsburg Bridge
502,4/28/2016 0:00,4/28/2016 0:00,57.9,48,0,5336,Williamsburg Bridge
503,4/29/2016 0:00,4/29/2016 0:00,57,46.9,0.05,5053,Williamsburg Bridge
504,4/30/2016 0:00,4/30/2016 0:00,64,48,0,5675,Williamsburg Bridge
505,4/1/2016 0:00,4/1/2016 0:00,78.1,66,0.01,4115,Williamsburg Bridge
506,4/2/2016 0:00,4/2/2016 0:00,55,48.9,0.15,2565,Williamsburg Bridge
507,4/3/2016 0:00,4/3/2016 0:00,39.9,34,0.09,1695,Williamsburg Bridge
508,4/5/2016 0:00,4/5/2016 0:00,42.1,26.1,0,3081,Williamsburg Bridge
509,4/6/2016 0:00,4/6/2016 0:00,45,30,0,3856,Williamsburg Bridge
510,4/7/2016 0:00,4/7/2016 0:00,57,53.1,0.09,3282,Williamsburg Bridge
511,4/8/2016 0:00,4/8/2016 0:00,46.9,44.1,0.01,4113,Williamsburg Bridge
512,4/9/2016 0:00,4/9/2016 0:00,43,37.9,0.09,1507,Williamsburg Bridge
513,4/10/2016 0:00,4/10/2016 0:00,48.9,30.9,0,3132,Williamsburg Bridge
514,4/11/2016 0:00,4/11/2016 0:00,62.1,46,0.01,4334,Williamsburg Bridge
515,4/12/2016 0:00,4/12/2016 0:00,57,45,0.2,2762,Williamsburg Bridge
516,4/13/2016 0:00,4/13/2016 0:00,57,39.9,0,5995,Williamsburg Bridge
517,4/14/2016 0:00,4/14/2016 0:00,62.1,44.6,0,6030,Williamsburg Bridge
518,4/15/2016 0:00,4/15/2016 0:00,64,44.1,0,5816,Williamsburg Bridge
519,4/16/2016 0:00,4/16/2016 0:00,66,45,0,5624,Williamsburg Bridge
520,4/17/2016 0:00,4/17/2016 0:00,73.9,46,0,5867,Williamsburg Bridge
521,4/18/2016 0:00,4/18/2016 0:00,81,52,0,7432,Williamsburg Bridge
522,4/19/2016 0:00,4/19/2016 0:00,71.1,63,0,7834,Williamsburg Bridge
523,4/20/2016 0:00,4/20/2016 0:00,68,50,0,7639,Williamsburg Bridge
524,4/21/2016 0:00,4/21/2016 0:00,71.1,50,0,7426,Williamsburg Bridge
525,4/23/2016 0:00,4/23/2016 0:00,70,61,0.16,4856,Williamsburg Bridge
526,4/24/2016 0:00,4/24/2016 0:00,68,48,0,5335,Williamsburg Bridge
527,4/25/2016 0:00,4/25/2016 0:00,66.9,54,0,6845,Williamsburg Bridge
528,4/26/2016 0:00,4/26/2016 0:00,60.1,46.9,0.24,4559,Williamsburg Bridge
529,4/27/2016 0:00,4/27/2016 0:00,62.1,46.9,0,6577,Williamsburg Bridge
530,4/28/2016 0:00,4/28/2016 0:00,57.9,48,0,5336,Williamsburg Bridge
531,4/29/2016 0:00,4/29/2016 0:00,57,46.9,0.05,5053,Williamsburg Bridge
532,4/30/2016 0:00,4/30/2016 0:00,64,48,0,5675,Williamsburg Bridge
533,4/1/2016 0:00,4/1/2016 0:00,78.1,66,0.01,4115,Williamsburg Bridge
534,4/2/2016 0:00,4/2/2016 0:00,55,48.9,0.15,2565,Williamsburg Bridge
535,4/3/2016 0:00,4/3/2016 0:00,39.9,34,0.09,1695,Williamsburg Bridge
536,4/5/2016 0:00,4/5/2016 0:00,42.1,26.1,0,3081,Williamsburg Bridge
537,4/6/2016 0:00,4/6/2016 0:00,45,30,0,3856,Williamsburg Bridge
538,4/7/2016 0:00,4/7/2016 0:00,57,53.1,0.09,3282,Williamsburg Bridge
539,4/8/2016 0:00,4/8/2016 0:00,46.9,44.1,0.01,4113,Williamsburg Bridge
540,4/9/2016 0:00,4/9/2016 0:00,43,37.9,0.09,1507,Williamsburg Bridge
541,4/10/2016 0:00,4/10/2016 0:00,48.9,30.9,0,3132,Williamsburg Bridge
542,4/11/2016 0:00,4/11/2016 0:00,62.1,46,0.01,4334,Williamsburg Bridge
543,4/12/2016 0:00,4/12/2016 0:00,57,45,0.2,2762,Williamsburg Bridge
544,4/13/2016 0:00,4/13/2016 0:00,57,39.9,0,5995,Williamsburg Bridge
545,4/14/2016 0:00,4/14/2016 0:00,62.1,44.6,0,6030,Williamsburg Bridge
546,4/15/2016 0:00,4/15/2016 0:00,64,44.1,0,5816,Williamsburg Bridge
547,4/16/2016 0:00,4/16/2016 0:00,66,45,0,5624,Williamsburg Bridge
548,4/17/2016 0:00,4/17/2016 0:00,73.9,46,0,5867,Williamsburg Bridge
549,4/18/2016 0:00,4/18/2016 0:00,81,52,0,7432,Williamsburg Bridge
550,4/19/2016 0:00,4/19/2016 0:00,71.1,63,0,7834,Williamsburg Bridge
551,4/20/2016 0:00,4/20/2016 0:00,68,50,0,7639,Williamsburg Bridge
552,4/21/2016 0:00,4/21/2016 0:00,71.1,50,0,7426,Williamsburg Bridge
553,4/23/2016 0:00,4/23/2016 0:00,70,61,0.16,4856,Williamsburg Bridge
554,4/24/2016 0:00,4/24/2016 0:00,68,48,0,5335,Williamsburg Bridge
555,4/25/2016 0:00,4/25/2016 0:00,66.9,54,0,6845,Williamsburg Bridge
556,4/26/2016 0:00,4/26/2016 0:00,60.1,46.9,0.24,4559,Williamsburg Bridge
557,4/27/2016 0:00,4/27/2016 0:00,62.1,46.9,0,6577,Williamsburg Bridge
558,4/28/2016 0:00,4/28/2016 0:00,57.9,48,0,5336,Williamsburg Bridge
559,4/29/2016 0:00,4/29/2016 0:00,57,46.9,0.05,5053,Williamsburg Bridge
560,4/30/2016 0:00,4/30/2016 0:00,64,48,0,5675,Williamsburg Bridge
561,4/1/2016 0:00,4/1/2016 0:00,78.1,66,0.01,4115,Williamsburg Bridge
562,4/2/2016 0:00,4/2/2016 0:00,55,48.9,0.15,2565,Williamsburg Bridge
563,4/3/2016 0:00,4/3/2016 0:00,39.9,34,0.09,1695,Williamsburg Bridge
564,4/5/2016 0:00,4/5/2016 0:00,42.1,26.1,0,3081,Williamsburg Bridge
565,4/6/2016 0:00,4/6/2016 0:00,45,30,0,3856,Williamsburg Bridge
566,4/7/2016 0:00,4/7/2016 0:00,57,53.1,0.09,3282,Williamsburg Bridge
567,4/8/2016 0:00,4/8/2016 0:00,46.9,44.1,0.01,4113,Williamsburg Bridge
568,4/9/2016 0:00,4/9/2016 0:00,43,37.9,0.09,1507,Williamsburg Bridge
569,4/10/2016 0:00,4/10/2016 0:00,48.9,30.9,0,3132,Williamsburg Bridge
570,4/11/2016 0:00,4/11/2016 0:00,62.1,46,0.01,4334,Williamsburg Bridge
571,4/12/2016 0:00,4/12/2016 0:00,57,45,0.2,2762,Williamsburg Bridge
572,4/13/2016 0:00,4/13/2016 0:00,57,39.9,0,5995,Williamsburg Bridge
573,4/14/2016 0:00,4/14/2016 0:00,62.1,44.6,0,6030,Williamsburg Bridge
574,4/15/2016 0:00,4/15/2016 0:00,64,44.1,0,5816,Williamsburg Bridge
575,4/16/2016 0:00,4/16/2016 0:00,66,45,0,5624,Williamsburg Bridge
576,4/17/2016 0:00,4/17/2016 0:00,73.9,46,0,5867,Williamsburg Bridge
577,4/18/2016 0:00,4/18/2016 0:00,81,52,0,7432,Williamsburg Bridge
578,4/19/2016 0:00,4/19/2016 0:00,71.1,63,0,7834,Williamsburg Bridge
579,4/20/2016 0:00,4/20/2016 0:00,68,50,0,7639,Williamsburg Bridge
580,4/21/2016 0:00,4/21/2016 0:00,71.1,50,0,7426,Williamsburg Bridge
581,4/23/2016 0:00,4/23/2016 0:00,70,61,0.16,4856,Williamsburg Bridge
582,4/24/2016 0:00,4/24/2016 0:00,68,48,0,5335,Williamsburg Bridge
583,4/25/2016 0:00,4/25/2016 0:00,66.9,54,0,6845,Williamsburg Bridge
584,4/26/2016 0:00,4/26/2016 0:00,60.1,46.9,0.24,4559,Williamsburg Bridge
585,4/27/2016 0:00,4/27/2016 0:00,62.1,46.9,0,6577,Williamsburg Bridge
586,4/28/2016 0:00,4/28/2016 0:00,57.9,48,0,5336,Williamsburg Bridge
587,4/29/2016 0:00,4/29/2016 0:00,57,46.9,0.05,5053,Williamsburg Bridge
588,4/30/2016 0:00,4/30/2016 0:00,64,48,0,5675,Williamsburg Bridge
589,4/1/2016 0:00,4/1/2016 0:00,78.1,66,0.01,2552,Queensboro Bridge
590,4/2/2016 0:00,4/2/2016 0:00,55,48.9,0.15,1884,Queensboro Bridge
591,4/3/2016 0:00,4/3/2016 0:00,39.9,34,0.09,1306,Queensboro Bridge
592,4/5/2016 0:00,4/5/2016 0:00,42.1,26.1,0,2357,Queensboro Bridge
593,4/6/2016 0:00,4/6/2016 0:00,45,30,0,2849,Queensboro Bridge
594,4/7/2016 0:00,4/7/2016 0:00,57,53.1,0.09,2457,Queensboro Bridge
595,4/8/2016 0:00,4/8/2016 0:00,46.9,44.1,0.01,3194,Queensboro Bridge
596,4/9/2016 0:00,4/9/2016 0:00,43,37.9,0.09,1502,Queensboro Bridge
597,4/10/2016 0:00,4/10/2016 0:00,48.9,30.9,0,2160,Queensboro Bridge
598,4/11/2016 0:00,4/11/2016 0:00,62.1,46,0.01,3182,Queensboro Bridge
599,4/12/2016 0:00,4/12/2016 0:00,57,45,0.2,2082,Queensboro Bridge
600,4/13/2016 0:00,4/13/2016 0:00,57,39.9,0,4192,Queensboro Bridge
601,4/14/2016 0:00,4/14/2016 0:00,62.1,44.6,0,4115,Queensboro Bridge
602,4/15/2016 0:00,4/15/2016 0:00,64,44.1,0,3912,Queensboro Bridge
603,4/16/2016 0:00,4/16/2016 0:00,66,45,0,4051,Queensboro Bridge
604,4/17/2016 0:00,4/17/2016 0:00,73.9,46,0,4197,Queensboro Bridge
605,4/18/2016 0:00,4/18/2016 0:00,81,52,0,4964,Queensboro Bridge
606,4/19/2016 0:00,4/19/2016 0:00,71.1,63,0,5032,Queensboro Bridge
607,4/20/2016 0:00,4/20/2016 0:00,68,50,0,4928,Queensboro Bridge
608,4/21/2016 0:00,4/21/2016 0:00,71.1,50,0,4813,Queensboro Bridge
609,4/23/2016 0:00,4/23/2016 0:00,70,61,0.16,3239,Queensboro Bridge
610,4/24/2016 0:00,4/24/2016 0:00,68,48,0,3957,Queensboro Bridge
611,4/25/2016 0:00,4/25/2016 0:00,66.9,54,0,4564,Queensboro Bridge
612,4/26/2016 0:00,4/26/2016 0:00,60.1,46.9,0.24,2929,Queensboro Bridge
613,4/27/2016 0:00,4/27/2016 0:00,62.1,46.9,0,4388,Queensboro Bridge
614,4/28/2016 0:00,4/28/2016 0:00,57.9,48,0,3657,Queensboro Bridge
615,4/29/2016 0:00,4/29/2016 0:00,57,46.9,0.05,3348,Queensboro Bridge
616,4/30/2016 0:00,4/30/2016 0:00,64,48,0,3606,Queensboro Bridge
617,4/1/2016 0:00,4/1/2016 0:00,78.1,66,0.01,2552,Queensboro Bridge
618,4/2/2016 0:00,4/2/2016 0:00,55,48.9,0.15,1884,Queensboro Bridge
619,4/3/2016 0:00,4/3/2016 0:00,39.9,34,0.09,1306,Queensboro Bridge
620,4/5/2016 0:00,4/5/2016 0:00,42.1,26.1,0,2357,Queensboro Bridge
621,4/6/2016 0:00,4/6/2016 0:00,45,30,0,2849,Queensboro Bridge
622,4/7/2016 0:00,4/7/2016 0:00,57,53.1,0.09,2457,Queensboro Bridge
623,4/8/2016 0:00,4/8/2016 0:00,46.9,44.1,0.01,3194,Queensboro Bridge
624,4/9/2016 0:00,4/9/2016 0:00,43,37.9,0.09,1502,Queensboro Bridge
625,4/10/2016 0:00,4/10/2016 0:00,48.9,30.9,0,2160,Queensboro Bridge
626,4/11/2016 0:00,4/11/2016 0:00,62.1,46,0.01,3182,Queensboro Bridge
627,4/12/2016 0:00,4/12/2016 0:00,57,45,0.2,2082,Queensboro Bridge
628,4/13/2016 0:00,4/13/2016 0:00,57,39.9,0,4192,Queensboro Bridge
629,4/14/2016 0:00,4/14/2016 0:00,62.1,44.6,0,4115,Queensboro Bridge
630,4/15/2016 0:00,4/15/2016 0:00,64,44.1,0,3912,Queensboro Bridge
631,4/16/2016 0:00,4/16/2016 0:00,66,45,0,4051,Queensboro Bridge
632,4/17/2016 0:00,4/17/2016 0:00,73.9,46,0,4197,Queensboro Bridge
633,4/18/2016 0:00,4/18/2016 0:00,81,52,0,4964,Queensboro Bridge
634,4/19/2016 0:00,4/19/2016 0:00,71.1,63,0,5032,Queensboro Bridge
635,4/20/2016 0:00,4/20/2016 0:00,68,50,0,4928,Queensboro Bridge
636,4/21/2016 0:00,4/21/2016 0:00,71.1,50,0,4813,Queensboro Bridge
637,4/23/2016 0:00,4/23/2016 0:00,70,61,0.16,3239,Queensboro Bridge
638,4/24/2016 0:00,4/24/2016 0:00,68,48,0,3957,Queensboro Bridge
639,4/25/2016 0:00,4/25/2016 0:00,66.9,54,0,4564,Queensboro Bridge
640,4/26/2016 0:00,4/26/2016 0:00,60.1,46.9,0.24,2929,Queensboro Bridge
641,4/27/2016 0:00,4/27/2016 0:00,62.1,46.9,0,4388,Queensboro Bridge
642,4/28/2016 0:00,4/28/2016 0:00,57.9,48,0,3657,Queensboro Bridge
643,4/29/2016 0:00,4/29/2016 0:00,57,46.9,0.05,3348,Queensboro Bridge
644,4/30/2016 0:00,4/30/2016 0:00,64,48,0,3606,Queensboro Bridge
645,4/1/2016 0:00,4/1/2016 0:00,78.1,66,0.01,2552,Queensboro Bridge
646,4/2/2016 0:00,4/2/2016 0:00,55,48.9,0.15,1884,Queensboro Bridge
647,4/3/2016 0:00,4/3/2016 0:00,39.9,34,0.09,1306,Queensboro Bridge
648,4/5/2016 0:00,4/5/2016 0:00,42.1,26.1,0,2357,Queensboro Bridge
649,4/6/2016 0:00,4/6/2016 0:00,45,30,0,2849,Queensboro Bridge
650,4/7/2016 0:00,4/7/2016 0:00,57,53.1,0.09,2457,Queensboro Bridge
651,4/8/2016 0:00,4/8/2016 0:00,46.9,44.1,0.01,3194,Queensboro Bridge
652,4/9/2016 0:00,4/9/2016 0:00,43,37.9,0.09,1502,Queensboro Bridge
653,4/10/2016 0:00,4/10/2016 0:00,48.9,30.9,0,2160,Queensboro Bridge
654,4/11/2016 0:00,4/11/2016 0:00,62.1,46,0.01,3182,Queensboro Bridge
655,4/12/2016 0:00,4/12/2016 0:00,57,45,0.2,2082,Queensboro Bridge
656,4/13/2016 0:00,4/13/2016 0:00,57,39.9,0,4192,Queensboro Bridge
657,4/14/2016 0:00,4/14/2016 0:00,62.1,44.6,0,4115,Queensboro Bridge
658,4/15/2016 0:00,4/15/2016 0:00,64,44.1,0,3912,Queensboro Bridge
659,4/16/2016 0:00,4/16/2016 0:00,66,45,0,4051,Queensboro Bridge
660,4/17/2016 0:00,4/17/2016 0:00,73.9,46,0,4197,Queensboro Bridge
661,4/18/2016 0:00,4/18/2016 0:00,81,52,0,4964,Queensboro Bridge
662,4/19/2016 0:00,4/19/2016 0:00,71.1,63,0,5032,Queensboro Bridge
663,4/20/2016 0:00,4/20/2016 0:00,68,50,0,4928,Queensboro Bridge
664,4/21/2016 0:00,4/21/2016 0:00,71.1,50,0,4813,Queensboro Bridge
665,4/23/2016 0:00,4/23/2016 0:00,70,61,0.16,3239,Queensboro Bridge
666,4/24/2016 0:00,4/24/2016 0:00,68,48,0,3957,Queensboro Bridge
667,4/25/2016 0:00,4/25/2016 0:00,66.9,54,0,4564,Queensboro Bridge
668,4/26/2016 0:00,4/26/2016 0:00,60.1,46.9,0.24,2929,Queensboro Bridge
669,4/27/2016 0:00,4/27/2016 0:00,62.1,46.9,0,4388,Queensboro Bridge
670,4/28/2016 0:00,4/28/2016 0:00,57.9,48,0,3657,Queensboro Bridge
671,4/29/2016 0:00,4/29/2016 0:00,57,46.9,0.05,3348,Queensboro Bridge
672,4/30/2016 0:00,4/30/2016 0:00,64,48,0,3606,Queensboro Bridge
673,4/1/2016 0:00,4/1/2016 0:00,78.1,66,0.01,2552,Queensboro Bridge
674,4/2/2016 0:00,4/2/2016 0:00,55,48.9,0.15,1884,Queensboro Bridge
675,4/3/2016 0:00,4/3/2016 0:00,39.9,34,0.09,1306,Queensboro Bridge
676,4/5/2016 0:00,4/5/2016 0:00,42.1,26.1,0,2357,Queensboro Bridge
677,4/6/2016 0:00,4/6/2016 0:00,45,30,0,2849,Queensboro Bridge
678,4/7/2016 0:00,4/7/2016 0:00,57,53.1,0.09,2457,Queensboro Bridge
679,4/8/2016 0:00,4/8/2016 0:00,46.9,44.1,0.01,3194,Queensboro Bridge
680,4/9/2016 0:00,4/9/2016 0:00,43,37.9,0.09,1502,Queensboro Bridge
681,4/10/2016 0:00,4/10/2016 0:00,48.9,30.9,0,2160,Queensboro Bridge
682,4/11/2016 0:00,4/11/2016 0:00,62.1,46,0.01,3182,Queensboro Bridge
683,4/12/2016 0:00,4/12/2016 0:00,57,45,0.2,2082,Queensboro Bridge
684,4/13/2016 0:00,4/13/2016 0:00,57,39.9,0,4192,Queensboro Bridge
685,4/14/2016 0:00,4/14/2016 0:00,62.1,44.6,0,4115,Queensboro Bridge
686,4/15/2016 0:00,4/15/2016 0:00,64,44.1,0,3912,Queensboro Bridge
687,4/16/2016 0:00,4/16/2016 0:00,66,45,0,4051,Queensboro Bridge
688,4/17/2016 0:00,4/17/2016 0:00,73.9,46,0,4197,Queensboro Bridge
689,4/18/2016 0:00,4/18/2016 0:00,81,52,0,4964,Queensboro Bridge
690,4/19/2016 0:00,4/19/2016 0:00,71.1,63,0,5032,Queensboro Bridge
691,4/20/2016 0:00,4/20/2016 0:00,68,50,0,4928,Queensboro Bridge
692,4/21/2016 0:00,4/21/2016 0:00,71.1,50,0,4813,Queensboro Bridge
693,4/23/2016 0:00,4/23/2016 0:00,70,61,0.16,3239,Queensboro Bridge
694,4/24/2016 0:00,4/24/2016 0:00,68,48,0,3957,Queensboro Bridge
695,4/25/2016 0:00,4/25/2016 0:00,66.9,54,0,4564,Queensboro Bridge
696,4/26/2016 0:00,4/26/2016 0:00,60.1,46.9,0.24,2929,Queensboro Bridge
697,4/27/2016 0:00,4/27/2016 0:00,62.1,46.9,0,4388,Queensboro Bridge
698,4/28/2016 0:00,4/28/2016 0:00,57.9,48,0,3657,Queensboro Bridge
699,4/29/2016 0:00,4/29/2016 0:00,57,46.9,0.05,3348,Queensboro Bridge
700,4/30/2016 0:00,4/30/2016 0:00,64,48,0,3606,Queensboro Bridge
701,4/1/2016 0:00,4/1/2016 0:00,78.1,66,0.01,2552,Queensboro Bridge
702,4/2/2016 0:00,4/2/2016 0:00,55,48.9,0.15,1884,Queensboro Bridge
703,4/3/2016 0:00,4/3/2016 0:00,39.9,34,0.09,1306,Queensboro Bridge
704,4/5/2016 0:00,4/5/2016 0:00,42.1,26.1,0,2357,Queensboro Bridge
705,4/6/2016 0:00,4/6/2016 0:00,45,30,0,2849,Queensboro Bridge
706,4/7/2016 0:00,4/7/2016 0:00,57,53.1,0.09,2457,Queensboro Bridge
707,4/8/2016 0:00,4/8/2016 0:00,46.9,44.1,0.01,3194,Queensboro Bridge
708,4/9/2016 0:00,4/9/2016 0:00,43,37.9,0.09,1502,Queensboro Bridge
709,4/10/2016 0:00,4/10/2016 0:00,48.9,30.9,0,2160,Queensboro Bridge
710,4/11/2016 0:00,4/11/2016 0:00,62.1,46,0.01,3182,Queensboro Bridge
711,4/12/2016 0:00,4/12/2016 0:00,57,45,0.2,2082,Queensboro Bridge
712,4/13/2016 0:00,4/13/2016 0:00,57,39.9,0,4192,Queensboro Bridge
713,4/14/2016 0:00,4/14/2016 0:00,62.1,44.6,0,4115,Queensboro Bridge
714,4/15/2016 0:00,4/15/2016 0:00,64,44.1,0,3912,Queensboro Bridge
715,4/16/2016 0:00,4/16/2016 0:00,66,45,0,4051,Queensboro Bridge
716,4/17/2016 0:00,4/17/2016 0:00,73.9,46,0,4197,Queensboro Bridge
717,4/18/2016 0:00,4/18/2016 0:00,81,52,0,4964,Queensboro Bridge
718,4/19/2016 0:00,4/19/2016 0:00,71.1,63,0,5032,Queensboro Bridge
719,4/20/2016 0:00,4/20/2016 0:00,68,50,0,4928,Queensboro Bridge
720,4/21/2016 0:00,4/21/2016 0:00,71.1,50,0,4813,Queensboro Bridge
721,4/23/2016 0:00,4/23/2016 0:00,70,61,0.16,3239,Queensboro Bridge
722,4/24/2016 0:00,4/24/2016 0:00,68,48,0,3957,Queensboro Bridge
723,4/25/2016 0:00,4/25/2016 0:00,66.9,54,0,4564,Queensboro Bridge
724,4/26/2016 0:00,4/26/2016 0:00,60.1,46.9,0.24,2929,Queensboro Bridge
725,4/27/2016 0:00,4/27/2016 0:00,62.1,46.9,0,4388,Queensboro Bridge
726,4/28/2016 0:00,4/28/2016 0:00,57.9,48,0,3657,Queensboro Bridge
727,4/29/2016 0:00,4/29/2016 0:00,57,46.9,0.05,3348,Queensboro Bridge
728,4/30/2016 0:00,4/30/2016 0:00,64,48,0,3606,Queensboro Bridge
729,4/1/2016 0:00,4/1/2016 0:00,78.1,66,0.01,2552,Queensboro Bridge
730,4/2/2016 0:00,4/2/2016 0:00,55,48.9,0.15,1884,Queensboro Bridge
731,4/3/2016 0:00,4/3/2016 0:00,39.9,34,0.09,1306,Queensboro Bridge
732,4/5/2016 0:00,4/5/2016 0:00,42.1,26.1,0,2357,Queensboro Bridge
733,4/6/2016 0:00,4/6/2016 0:00,45,30,0,2849,Queensboro Bridge
734,4/7/2016 0:00,4/7/2016 0:00,57,53.1,0.09,2457,Queensboro Bridge
735,4/8/2016 0:00,4/8/2016 0:00,46.9,44.1,0.01,3194,Queensboro Bridge
736,4/9/2016 0:00,4/9/2016 0:00,43,37.9,0.09,1502,Queensboro Bridge
737,4/10/2016 0:00,4/10/2016 0:00,48.9,30.9,0,2160,Queensboro Bridge
738,4/11/2016 0:00,4/11/2016 0:00,62.1,46,0.01,3182,Queensboro Bridge
739,4/12/2016 0:00,4/12/2016 0:00,57,45,0.2,2082,Queensboro Bridge
740,4/13/2016 0:00,4/13/2016 0:00,57,39.9,0,4192,Queensboro Bridge
741,4/14/2016 0:00,4/14/2016 0:00,62.1,44.6,0,4115,Queensboro Bridge
742,4/15/2016 0:00,4/15/2016 0:00,64,44.1,0,3912,Queensboro Bridge
743,4/16/2016 0:00,4/16/2016 0:00,66,45,0,4051,Queensboro Bridge
744,4/17/2016 0:00,4/17/2016 0:00,73.9,46,0,4197,Queensboro Bridge
745,4/18/2016 0:00,4/18/2016 0:00,81,52,0,4964,Queensboro Bridge
746,4/19/2016 0:00,4/19/2016 0:00,71.1,63,0,5032,Queensboro Bridge
747,4/20/2016 0:00,4/20/2016 0:00,68,50,0,4928,Queensboro Bridge
748,4/21/2016 0:00,4/21/2016 0:00,71.1,50,0,4813,Queensboro Bridge
749,4/23/2016 0:00,4/23/2016 0:00,70,61,0.16,3239,Queensboro Bridge
750,4/24/2016 0:00,4/24/2016 0:00,68,48,0,3957,Queensboro Bridge
751,4/25/2016 0:00,4/25/2016 0:00,66.9,54,0,4564,Queensboro Bridge
752,4/26/2016 0:00,4/26/2016 0:00,60.1,46.9,0.24,2929,Queensboro Bridge
753,4/27/2016 0:00,4/27/2016 0:00,62.1,46.9,0,4388,Queensboro Bridge
754,4/28/2016 0:00,4/28/2016 0:00,57.9,48,0,3657,Queensboro Bridge
755,4/29/2016 0:00,4/29/2016 0:00,57,46.9,0.05,3348,Queensboro Bridge
756,4/30/2016 0:00,4/30/2016 0:00,64,48,0,3606,Queensboro Bridge
757,4/1/2016 0:00,4/1/2016 0:00,78.1,66,0.01,2552,Queensboro Bridge
758,4/2/2016 0:00,4/2/2016 0:00,55,48.9,0.15,1884,Queensboro Bridge
759,4/3/2016 0:00,4/3/2016 0:00,39.9,34,0.09,1306,Queensboro Bridge
760,4/5/2016 0:00,4/5/2016 0:00,42.1,26.1,0,2357,Queensboro Bridge
761,4/6/2016 0:00,4/6/2016 0:00,45,30,0,2849,Queensboro Bridge
762,4/7/2016 0:00,4/7/2016 0:00,57,53.1,0.09,2457,Queensboro Bridge
763,4/8/2016 0:00,4/8/2016 0:00,46.9,44.1,0.01,3194,Queensboro Bridge
764,4/9/2016 0:00,4/9/2016 0:00,43,37.9,0.09,1502,Queensboro Bridge
765,4/10/2016 0:00,4/10/2016 0:00,48.9,30.9,0,2160,Queensboro Bridge
766,4/11/2016 0:00,4/11/2016 0:00,62.1,46,0.01,3182,Queensboro Bridge
767,4/12/2016 0:00,4/12/2016 0:00,57,45,0.2,2082,Queensboro Bridge
768,4/13/2016 0:00,4/13/2016 0:00,57,39.9,0,4192,Queensboro Bridge
769,4/14/2016 0:00,4/14/2016 0:00,62.1,44.6,0,4115,Queensboro Bridge
770,4/15/2016 0:00,4/15/2016 0:00,64,44.1,0,3912,Queensboro Bridge
771,4/16/2016 0:00,4/16/2016 0:00,66,45,0,4051,Queensboro Bridge
772,4/17/2016 0:00,4/17/2016 0:00,73.9,46,0,4197,Queensboro Bridge
773,4/18/2016 0:00,4/18/2016 0:00,81,52,0,4964,Queensboro Bridge
774,4/19/2016 0:00,4/19/2016 0:00,71.1,63,0,5032,Queensboro Bridge
775,4/20/2016 0:00,4/20/2016 0:00,68,50,0,4928,Queensboro Bridge
776,4/21/2016 0:00,4/21/2016 0:00,71.1,50,0,4813,Queensboro Bridge
777,4/23/2016 0:00,4/23/2016 0:00,70,61,0.16,3239,Queensboro Bridge
778,4/24/2016 0:00,4/24/2016 0:00,68,48,0,3957,Queensboro Bridge
779,4/25/2016 0:00,4/25/2016 0:00,66.9,54,0,4564,Queensboro Bridge
780,4/26/2016 0:00,4/26/2016 0:00,60.1,46.9,0.24,2929,Queensboro Bridge
781,4/27/2016 0:00,4/27/2016 0:00,62.1,46.9,0,4388,Queensboro Bridge
782,4/28/2016 0:00,4/28/2016 0:00,57.9,48,0,3657,Queensboro Bridge
783,4/29/2016 0:00,4/29/2016 0:00,57,46.9,0.05,3348,Queensboro Bridge
784,4/30/2016 0:00,4/30/2016 0:00,64,48,0,3606,Queensboro Bridge
